YAP1	WWTR1	TEAD1	TEAD2	TEAD3	TEAD4	SMAD1	SMAD2	SMAD3	SMAD4	group
3.5278	3.3939	2.986	2.4374	2.9906	0.1989	1.8151	1.4779	2.8478	2.2738	Tumor
4.4178	2.895	3.0577	3.4145	3.8502	1.9099	1.4366	1.4712	3.4732	2.6068	Tumor
2.664	1.1903	1.8161	1.116	2.0837	0.7465	1.4673	0.6863	1.8557	1.7556	Tumor
4.0921	1.9787	2.4443	3.2725	3.8324	1.0952	1.051	1.4386	3.0729	3.2644	Tumor
3.624	2.4678	3.0068	4.7664	3.8546	1.063	2.0273	1.8085	2.6632	2.814	Tumor
3.1772	2.7142	2.6601	3.3162	2.7002	1.8195	1.7194	1.3411	2.3405	2.0818	Tumor
3.0636	3.3579	1.4758	2.7655	2.9577	0.8795	1.7108	1.3911	3.2084	2.4774	Tumor
2.9534	2.3746	2.0234	2.3569	2.6992	2.0307	2.0321	0.9919	2.3407	1.9123	Tumor
1.634	0.9734	2.1708	2.4969	2.4764	0.7294	1.7808	0.7117	2.331	1.5655	Tumor
3.171	3.1784	3.6708	2.2319	2.8407	2.3234	2.1263	1.8592	3.74	2.6644	Tumor
3.7285	2.2472	2.1128	4.2545	4.1081	2.1068	1.4047	1.5245	3.3843	2.7392	Tumor
2.2593	1.5889	1.9114	1.5844	2.4738	1.0508	1.1121	0.9848	1.4118	1.9893	Tumor
3.6103	1.7573	2.6602	1.934	2.7069	0.4578	1.6856	0.8326	3.6078	1.542	Tumor
3.1811	2.6727	2.2458	1.7929	2.2607	1.2442	2.0922	0.9043	1.9635	2.1103	Tumor
2.385	1.5782	1.5683	1.2502	1.879	2.6012	0.9703	0.7219	1.592	1.5145	Tumor
3.109	3.0772	2.3895	2.4243	3.0079	0.9864	1.8362	0.6374	2.5774	1.6375	Tumor
2.2802	1.5024	1.3954	1.7233	2.4963	0.7246	1.3117	1.214	1.7646	2.5066	Tumor
4.3243	2.5878	2.9397	1.5544	2.651	0.5855	2.5131	1.1222	3.8197	2.5402	Tumor
2.7406	1.3811	1.3259	1.7016	3.5677	2.8442	2.6932	0.8995	1.6321	1.7522	Tumor
2.328	1.9369	1.9829	1.4226	2.2135	1.1353	1.2124	0.8166	1.317	1.7359	Tumor
3.6012	2.6334	3.3215	2.1023	3.0025	1.9347	2.6264	1.2798	2.786	2.4617	Tumor
1.8427	0.7546	0.7477	1.871	1.6854	2.2536	0.6446	0.8297	1.5258	1.2322	Tumor
4.1026	3.6398	3.618	5.3586	4.6796	3.5797	1.3155	1.339	3.8595	2.117	Tumor
4.2451	3.0937	2.3535	2.1242	2.2244	2.5419	1.8674	0.9829	2.7106	2.0206	Tumor
3.1994	1.3886	2.6418	3.0476	2.9034	2.1732	1.7369	1.2522	2.4076	2.3179	Tumor
2.9779	2.3575	2.734	0.6711	3.2335	0.8631	1.5376	1.366	3.0035	2.6083	Tumor
2.1684	0.8429	2.2552	2.0689	4.238	0.7286	1.5086	1.5009	2.8116	2.7079	Tumor
4.6638	4.0661	2.9209	3.4247	4.0794	1.7353	1.5107	1.2294	3.1878	2.3092	Tumor
2.997	1.8076	2.3103	1.5391	2.9431	1.5284	2.843	1.118	2.7714	2.5911	Tumor
4.3556	2.3994	2.7645	1.6677	3.8395	1.8224	1.6428	1.5937	3.2576	2.7776	Tumor
2.6635	1.7067	1.7025	3.2542	3.5033	0.8053	2.2273	1.1297	2.4944	2.1586	Tumor
2.8469	2.1064	2.3134	1.6126	2.179	0.4767	1.5613	0.8782	2.199	1.9335	Tumor
2.6151	1.6341	1.5694	1.669	2.6173	1.3476	1.243	0.5987	1.5758	1.5151	Tumor
4.8203	3.3988	3.077	2.9132	3.86	2.2082	1.8735	1.4807	3.296	2.9192	Tumor
2.4589	2.4239	3.409	1.7121	3.3713	0.812	1.4944	1.1829	2.6703	2.7126	Tumor
2.9625	1.8755	2.2747	1.2641	3.2019	0.9334	1.3181	1.0193	2.6326	1.7668	Tumor
4.9966	3.457	2.8075	3.9748	3.9126	2.2077	2.0243	1.4823	3.024	2.6223	Tumor
2.0163	1.9439	2.3431	1.2935	2.9296	1.3432	1.292	0.9192	1.9681	2.3484	Tumor
3.1601	1.5084	2.0624	4.045	3.1618	0.431	1.2323	1.6529	3.0204	2.2803	Tumor
2.8633	2.3185	1.7307	0.8225	3.5455	0.3663	1.8057	0.9764	2.4779	2.5112	Tumor
2.8474	1.539	0.9679	2.6621	3.7534	1.1264	1.743	0.9167	1.7772	1.9143	Tumor
4.5574	1.5865	2.4493	2.9007	3.8261	1.0699	1.5419	1.1687	3.3889	2.3591	Tumor
2.1635	2.6448	1.495	2.7619	2.3176	2.3805	0.984	1.0126	1.8656	1.6377	Tumor
1.515	1.8859	1.9344	1.1423	2.4591	1.5391	1.4343	0.8917	2.0864	1.7078	Tumor
1.455	2.1345	1.8949	1.4479	1.9012	2.1304	1.0171	0.6201	1.5898	2.0464	Tumor
4.0409	4.6062	4.1384	3.7633	3.7318	4.0704	2.5888	1.8812	4.6315	2.7638	Tumor
0.9522	1.0422	1.2796	0.3564	0.9696	1.3175	0.4896	0.5669	1.1092	1.4174	Tumor
1.9867	1.2165	1.239	1.9876	3.6261	1.229	1.3354	0.6943	1.9051	1.6427	Tumor
4.2228	1.5645	1.9965	0.8316	3.4904	3.3928	1.4223	1.2659	2.5455	2.4389	Tumor
4.262	2.9542	2.4748	1.3547	2.4599	0.8621	1.7958	1.21	4.0106	1.947	Tumor
2.5515	1.6563	1.9979	0.8057	1.6067	0.5134	1.4533	0.7341	1.6694	1.874	Tumor
3.3956	2.2101	1.5538	4.4546	3.733	1.3171	1.4887	0.9537	3.1716	1.959	Tumor
3.6959	3.8645	2.4394	3.3137	3.2306	2.9121	1.531	1.544	2.5961	2.0209	Tumor
2.1546	1.7327	1.8881	0.9217	2.1471	0.8157	1.7337	0.842	1.322	1.8479	Tumor
2.6312	1.5272	1.5622	2.6833	2.1253	2.6433	1.2982	1.0192	1.7873	0.7886	Tumor
3.3776	1.8485	2.456	3.015	3.6893	2.0495	1.1516	1.0262	2.9542	2.2558	Tumor
3.3206	1.8447	2.132	2.0652	2.4671	0.9957	2.1484	1.1912	3.2735	2.2659	Tumor
1.8795	1.4192	1.2426	1.5469	1.7832	1.8783	1.4075	0.9555	1.5987	1.9621	Tumor
2.7994	1.3899	2.1392	1.4634	2.3943	0.8925	2.116	0.8421	2.3468	2.113	Tumor
3.3144	2.572	2.5356	1.737	2.7241	1.3016	1.6033	1.0282	2.0526	2.089	Tumor
2.9636	1.4589	2.3934	1.6283	2.3541	1.2277	1.3101	1.0789	2.0776	2.2524	Tumor
3.9482	1.8215	2.0721	3.0444	2.8923	0.3242	1.4535	0.9332	3.0799	2.3107	Tumor
2.6009	1.6345	1.7136	1.2534	3.2426	0.6486	1.3656	1.0623	1.914	2.0628	Tumor
2.0402	0.8976	2.353	0.3682	3.4654	0.9345	1.6066	1.1826	2.6619	2.8117	Tumor
4.3559	4.8029	3.6914	6.1081	3.2565	3.806	1.8728	1.5708	4.0401	2.9695	Tumor
2.9421	1.735	1.3011	3.9784	2.8513	1.0793	1.6818	1.2271	2.0672	2.3958	Tumor
4.0126	3.0767	2.8357	1.4665	2.613	0.5607	1.9381	1.2582	2.918	2.0986	Tumor
1.9437	0.6758	1.8985	0.477	1.944	0.3105	1.5909	0.6727	1.2708	1.8238	Tumor
3.1189	2.5501	3.4029	2.4711	2.7436	1.6167	1.6471	1.2197	2.1522	2.4638	Tumor
3.8853	3.119	2.5769	3.5451	2.5109	2.4635	1.9934	1.4988	3.0397	2.6904	Tumor
3.7954	4.5667	2.6241	3.8275	4.6234	3.7445	1.9808	1.5908	4.142	2.2346	Tumor
2.9677	1.4745	1.9831	2.5356	2.6729	2.3019	1.6235	0.9208	2.13	1.8628	Tumor
3.7463	2.6911	2.6057	2.7348	2.3457	2.5235	1.0981	1.1192	1.657	1.9161	Tumor
2.7394	1.5251	1.8386	1.9496	2.9563	1.4842	1.6092	1.0777	2.9026	1.8745	Tumor
3.492	2.0924	2.6612	2.2006	2.2303	1.0185	2.1141	0.9097	2.5956	1.7262	Tumor
2.8452	1.7744	1.3642	3.7018	3.5683	1.6773	1.058	1.3395	2.2168	2.0872	Tumor
3.511	3.7056	2.2212	3.5021	3.1952	3.0532	1.1343	1.8618	3.3434	2.7528	Tumor
1.737	1.6498	0.8467	1.5684	3.0735	1.6118	1.0945	0.4887	2.9028	1.4223	Tumor
3.4044	2.1149	3.1084	2.4163	3.1681	1.2178	3.2364	1.241	2.6557	2.6303	Tumor
2.2733	1.8211	0.8955	4.2749	3.4875	2.6714	1.0866	0.8906	2.6668	1.8149	Tumor
3.079	1.8306	1.4159	4.2277	5.1314	2.869	0.9147	1.1914	2.4267	1.9133	Tumor
3.3077	1.9203	2.9493	1.9676	2.6895	1.3974	1.5969	1.325	2.3018	2.4109	Tumor
2.8377	1.8988	2.1472	2.255	2.4199	2.4414	1.7342	0.9917	2.1766	1.7153	Tumor
3.7935	4.9748	2.5493	4.1619	3.1938	1.7566	1.8959	1.5694	3.5755	2.3563	Tumor
2.6397	2.0159	2.6534	1.0218	2.7481	0.5205	1.5363	0.8589	2.152	2.203	Tumor
3.4484	3.2438	3.2621	2.1287	3.4219	1.0765	2.8535	1.1581	3.1626	2.6586	Tumor
4.0874	3.3488	2.9181	3.893	3.2509	1.7205	2.2232	1.5912	4.2567	2.7094	Tumor
4.1356	3.4552	2.7967	3.0299	3.6823	3.2125	1.5231	1.499	3.4021	3.0178	Tumor
2.5337	1.9681	2.3429	1.7541	2.4868	1.0503	1.8392	0.9405	2.5423	2.2886	Tumor
3.0809	1.5805	2.5406	3.5462	3.3279	1.0761	1.9106	0.8196	2.6548	0.5548	Tumor
2.6962	1.5153	1.6807	2.5812	2.7266	1.9527	1.551	1.1037	2.3671	1.8236	Tumor
2.2219	3.0899	1.195	4.6387	3.5984	2.8965	0.8332	1.6326	2.5359	2.8731	Tumor
2.3742	1.6878	1.6669	1.4888	2.0871	1.6241	1.4878	1.1928	1.3329	2.2696	Tumor
2.6536	2.3007	2.7053	2.1066	3.0217	0.4573	1.208	1.3135	2.9235	2.6521	Tumor
3.2559	2.7395	2.0225	2.479	3.3573	0.6826	1.8599	1.0742	3.0435	2.3054	Tumor
1.6744	1.9685	1.0076	2.9776	2.1775	1.3613	1.2356	1.0519	1.7944	1.8667	Tumor
2.4127	2.7001	1.8333	3.8773	3.3073	2.3351	1.0909	1.2601	2.9726	2.5728	Tumor
3.5376	3.1286	2.9106	2.5427	4.2522	0.6026	1.7823	1.5674	3.4793	2.832	Tumor
2.5316	2.2223	2.5998	4.4285	2.4462	1.8187	2.6104	0.7457	2.2906	1.7248	Tumor
3.9647	2.2405	3.2817	2.0823	3.4185	1.1293	2.5674	1.3697	3.2119	2.9506	Tumor
2.643	1.5167	1.6919	1.6645	2.45	1.1895	1.419	0.7943	1.7629	1.5168	Tumor
2.3346	1.7645	1.7618	3.6362	3.0915	2.4878	1.6341	0.8643	2.185	2.3049	Tumor
3.0254	1.6236	2.3126	1.9473	3.0892	0.7827	1.9814	0.9425	3.2519	2.2032	Tumor
1.939	1.0865	2.146	0.6396	2.3088	0.9309	0.9976	0.7057	1.4065	1.5654	Tumor
2.5741	0.8716	0.7545	3.118	3.0096	0.5746	1.0915	1.4347	2.4229	1.6812	Tumor
4.4565	4.6234	3.5333	4.6994	3.7402	3.1566	1.6787	1.4357	3.6625	2.1024	Tumor
1.9438	1.414	1.8829	1.0528	1.6072	1.0789	1.5259	0.9176	1.2305	1.7572	Tumor
2.5108	1.2884	1.65	3.0137	2.0982	1.6883	1.2263	0.6589	1.6512	1.756	Tumor
2.9866	1.5419	2.6711	5.0948	4.4881	3.7102	1.448	1.4184	3.5955	2.4942	Tumor
2.9613	1.153	2.3792	1.5656	1.5192	0.7481	1.3314	1.4586	2.0558	0.9482	Tumor
3.6614	1.5601	1.5204	3.0027	3.191	3.7059	1.4969	0.9352	1.8918	2.2843	Tumor
2.9269	2.8682	2.257	3.4001	2.2055	2.3554	1.8145	1.8098	2.3791	2.4769	Tumor
3.2465	1.9792	3.5402	1.0746	3.3629	0.5799	2.0042	1.2912	3.0847	3.0076	Tumor
4.0035	1.2608	2.3668	2.7047	2.656	1.8518	1.737	0.8885	2.6328	1.868	Tumor
3.2244	1.7018	2.2492	1.1406	2.5412	0.7283	2.0992	0.9268	2.1556	2.2174	Tumor
4.3031	1.0843	2.8454	2.2308	2.8305	1.0542	1.2113	1.5407	3.9016	2.6657	Tumor
3.3658	2.1507	2.1789	3.727	3.4454	1.7681	1.7889	1.0115	2.8265	1.8146	Tumor
2.8441	1.9395	1.7412	2.4287	2.9458	1.8157	1.7132	1.0313	2.4275	2.2098	Tumor
2.2218	1.6526	1.655	1.4252	2.0636	0.8835	1.4094	0.8622	1.6223	1.6938	Tumor
2.1697	1.0658	1.8815	1.0892	3.2759	0.3842	1.0084	1.2654	2.5423	2.0662	Tumor
2.4295	2.243	3.1867	1.9151	3.5259	1.9367	2.2239	0.8166	2.7851	0.3609	Tumor
3.836	3.0817	2.6436	3.8878	3.0466	2.1054	0.9829	1.6164	2.2676	2.2583	Tumor
3.3211	1.0093	2.3936	4.3291	2.9742	0.7633	1.7407	1.456	2.8197	2.0665	Tumor
1.7429	1.1472	1.6064	1.0652	1.8962	1.9494	1.1664	0.7536	1.4283	2.279	Tumor
3.7884	2.5625	2.3142	3.9013	3.786	2.0362	2.0674	1.7433	3.926	2.8407	Tumor
2.9125	2.5524	3.0766	1.87	3.2758	1.531	1.7856	1.2609	2.7168	2.3277	Tumor
2.7472	2.6109	2.5052	2.8669	2.5798	2.4407	1.9184	1.4078	2.244	1.4022	Tumor
2.8743	1.6133	2.3878	1.4765	2.5944	1.2637	1.7628	0.952	2.3398	1.9481	Tumor
3.0992	2.3889	2.7877	4.1092	4.0241	0.9606	1.8969	1.8077	3.1157	3.3741	Tumor
4.6471	2.6905	2.7463	2.9243	4.505	1.9543	0.9595	1.7385	3.2841	3.4122	Tumor
3.3235	2.9802	3.0062	2.524	2.8852	1.772	2.2536	1.2358	3.0231	2.4438	Tumor
2.1979	1.6422	1.9798	0.8906	1.7764	0.7587	2.018	0.8807	2.05	1.9835	Tumor
3.0147	2.4739	3.7755	0.4766	3.1226	0.5709	1.4198	1.3876	2.9662	2.6737	Tumor
2.8492	1.3937	1.0024	3.3148	2.5656	2.9577	0.5485	1.023	2.2466	1.8134	Tumor
2.4963	1.7128	1.6847	1.2239	1.9269	1.0518	1.2191	1.1775	1.8558	2.0561	Tumor
3.3521	1.6416	2.3644	2.139	2.8758	1.0668	2.2201	1.1684	2.6121	2.3067	Tumor
3.3163	2.3549	2.8806	2.5071	2.792	1.4501	1.2146	1.1045	2.3943	1.61	Tumor
2.9169	2.194	1.8871	1.7025	2.3345	1.5749	1.9725	0.8884	1.9665	1.7363	Tumor
2.2183	2.2039	2.1649	1.9569	2.6035	1.535	2.1141	0.8934	1.5528	1.7423	Tumor
2.838	1.3801	2.0365	2.4879	2.8185	1.6784	2.4141	1.1531	2.1594	2.6215	Tumor
3.5979	1.7783	2.0847	0.7842	2.8274	1.0144	2.0133	1.0857	2.6858	2.162	Tumor
3.4961	3.1901	2.4386	2.9802	2.4957	2.9658	2.1699	1.7211	1.9607	1.9174	Tumor
1.7263	1.31	1.2494	0.6159	2.9498	2.6099	0.7611	0.5744	2.0284	1.3934	Tumor
3.424	3.2939	2.8875	3.0128	3.4029	0.6148	1.7404	1.1186	3.6831	2.1584	Tumor
2.9557	3.0222	2.4087	1.8123	2.5959	1.0081	0.8274	1.3493	2.6796	3.0201	Tumor
2.1271	2.3024	1.3456	1.7914	2.2316	2.6916	1.3188	0.8924	2.3318	1.9403	Tumor
2.8231	2.7818	1.7776	1.7484	2.4608	1.2941	1.7349	0.8848	2.6005	1.7541	Tumor
2.2908	1.5298	3.0979	1.2773	2.7813	0.8801	1.4023	1.0685	2.3912	2.0457	Tumor
3.6317	3.0144	3.574	3.0401	3.1871	0.5251	2.4423	1.5468	3.7377	3.1632	Tumor
2.3393	1.7299	1.4779	3.4637	3.3664	1.8097	1.3472	0.8614	1.9456	1.9586	Tumor
4.1467	2.3599	2.0595	2.6689	3.2744	2.0467	2.2238	1.0888	3.0181	2.1851	Tumor
3.1563	2.8727	2.4184	1.7389	2.3568	1.3685	1.7276	0.8951	2.2551	2.3737	Tumor
3.7859	2.9163	2.0066	3.1551	3.6875	1.5477	1.7849	0.9043	2.9471	2.1483	Tumor
2.5704	2.9035	1.3271	3.6895	4.4948	2.292	1.0678	1.0373	2.2779	1.6495	Tumor
2.6445	1.6369	1.6518	1.8606	2.5467	0.2301	0.7924	1.0955	1.8104	2.1781	Tumor
1.3281	0.9658	1.1082	1.4774	2.0666	2.2347	1.0735	0.7394	1.2154	1.8185	Tumor
4.3169	3.1142	2.0774	4.364	4.2694	2.3277	1.6108	1.8574	2.3787	2.6961	Tumor
2.6235	2.2251	2.7472	0.8867	2.27	0.5228	1.8477	0.8478	2.1496	2.0718	Tumor
3.4966	1.3024	2.2713	0.7436	3.6931	0.5689	1.2794	1.4058	3.4146	2.3588	Tumor
4.2946	3.3094	2.362	3.5858	3.6648	3.0731	0.4087	0.8237	3.2172	1.3174	Tumor
3.0011	2.6951	2.6386	2.4384	3.9007	1.4549	1.7109	1.5921	2.5816	3.0082	Tumor
4.2018	2.8751	2.7127	3.2386	3.7665	1.8026	1.5295	1.527	2.8568	2.5287	Tumor
2.4695	2.1043	2.8569	0.9934	2.7917	0.7415	2.168	1.1768	3.4693	2.7354	Tumor
4.7285	5.984	3.5085	5.0359	4.5208	4.3947	2.2966	1.9271	3.7632	2.7223	Tumor
2.2556	2.1092	2.9414	0.9136	2.7586	0.9703	1.5595	0.8903	1.304	2.0115	Tumor
1.5522	1.7597	1.7636	1.9563	2.507	0.6559	1.5123	0.4613	1.9098	1.427	Tumor
3.3808	2.0246	2.3083	0.6514	3.4316	0.6346	1.2736	1.5195	3.2826	2.7483	Tumor
3.4023	2.5047	1.5947	3.2681	2.8813	1.4554	1.0964	0.9791	2.9021	1.8029	Tumor
2.5999	1.8739	1.6826	2.4661	2.6686	1.1304	1.946	0.8835	2.8718	1.9366	Tumor
3.8247	1.1743	2.6983	3.3886	3.027	2.343	1.643	1.3252	2.897	2.6514	Tumor
1.7606	2.1773	0.9852	3.258	3.7136	1.7373	0.8691	0.8323	1.6752	1.7203	Tumor
3.3375	2.313	1.8435	3.1786	3.5721	3.0794	1.7514	1.0323	2.8419	1.4502	Tumor
2.8301	1.4784	1.9403	1.5142	2.9666	0.9357	2.5025	0.7801	2.042	1.8905	Tumor
3.7373	2.6392	1.7055	1.3389	4.4803	0.646	2.134	1.3038	2.6677	2.5342	Tumor
4.3519	3.1755	2.1825	3.6868	3.7	1.8526	1.0718	1.1511	3.5516	2.2794	Tumor
2.6227	1.3646	3.4016	0.9081	3.563	0.8342	1.435	0.9624	2.0623	2.0991	Tumor
4.0761	5.3059	4.6526	4.1585	3.6483	4.0199	3.6925	2.1627	4.1799	2.7782	Tumor
3.0526	3.8695	3.6393	2.5762	2.8196	2.7864	1.8013	1.2776	2.9883	2.129	Tumor
1.585	0.8529	0.6587	2.6875	2.3417	2.1305	0.411	0.4061	1.6356	1.2763	Tumor
2.6259	2.1985	2.3815	1.7859	3.4453	1.7095	1.6484	1.1814	2.0332	2.149	Tumor
3.1191	2.7427	2.3033	1.547	3.1056	1.0434	1.6311	1.4458	3.8957	1.9726	Tumor
2.4897	2.668	3.0322	1.2511	2.4907	0.4212	1.1092	0.8259	1.5127	1.7138	Tumor
2.0279	1.7159	1.7208	2.0129	2.2417	1.3148	1.6842	0.9367	1.7742	1.9508	Tumor
2.1868	1.342	2.375	1.0524	2.926	0.5904	1.3377	1.0709	1.6169	2.6407	Tumor
3.2194	2.4069	2.9558	1.8589	2.6588	0.9711	1.4468	1.1967	2.8209	2.2924	Tumor
3.63	2.725	2.5221	2.6898	3.3394	2.497	1.9608	0.9674	2.274	1.7473	Tumor
3.4049	1.6914	2.9062	1.8244	2.7927	1.0734	2.1036	1.1118	2.5612	2.2254	Tumor
3.0154	2.3797	2.5745	3.4415	3.6194	3.1671	0.5863	1.1131	2.2312	1.5619	Tumor
3.2339	1.9353	2.4159	2.7355	2.7747	1.2105	1.7742	1.1773	2.8464	2.3011	Tumor
3.4905	2.3399	2.5183	2.091	3.1142	1.0406	1.8616	1.307	2.6653	2.3163	Tumor
3.1103	2.5021	2.2	1.7415	3.1819	1.7066	2.0891	1.0242	2.3682	1.8806	Tumor
2.816	2.6964	2.422	1.7284	2.917	1.3573	1.8005	1.5086	3.3251	1.9414	Tumor
2.6736	1.6599	2.8247	0.7945	2.4061	0.8249	1.6534	1.0134	1.8696	2.2209	Tumor
3.7598	1.8335	2.5258	3.2957	3.6291	0.5711	3.0023	1.3058	3.0791	3.2027	Tumor
4.1835	1.6644	2.2197	3.1333	3.478	3.5138	2.7712	1.4424	3.3217	2.2295	Tumor
2.7924	1.5764	1.75	1.5733	1.9959	2.148	1.7139	0.9983	1.7237	1.7176	Tumor
2.5492	2.9705	1.1829	3.6409	3.914	3.3732	1.4977	0.8979	3.2468	1.5246	Tumor
3.6627	2.5719	2.8846	2.6217	3.4113	0.7098	1.4156	1.4895	2.5639	2.7536	Tumor
2.773	1.3277	1.6297	1.6399	2.1357	1.4362	1.6904	1.0192	1.9788	1.6059	Tumor
2.9763	2.9978	2.698	2.9129	2.9217	2.7182	1.9506	1.209	2.1552	1.6391	Tumor
2.9149	1.6886	1.7854	2.1316	3.0426	0.541	1.172	1.2875	2.7103	2.2832	Tumor
3.1025	2.2948	3.6359	1.8845	1.9663	1.342	1.6355	1.0149	2.793	2.4695	Tumor
3.4475	1.4411	1.6799	2.8274	3.4604	1.2364	1.6732	1.2559	2.8102	2.3768	Tumor
3.695	4.4184	3.2776	4.1423	3.2683	3.5353	2.0255	1.6943	4.5206	2.6393	Tumor
2.6466	2.2339	2.3253	1.3702	2.0111	1.0614	1.4272	0.8101	1.7077	2.1288	Tumor
2.8759	1.6628	1.8148	1.9271	2.8126	1.7832	1.506	1.0612	2.2096	1.7976	Tumor
3.6474	1.5015	2.5539	1.333	3.6888	0.9404	2.2994	1.2739	3.668	2.5592	Tumor
1.6083	1.3312	1.1752	0.8874	1.5478	1.1649	1.1169	0.61	1.113	1.8219	Tumor
3.33	2.7325	1.8881	3.2239	2.8709	2.0545	2.1776	1.1742	3.0634	2.2805	Tumor
3.3413	2.3214	2.7619	2.9478	2.6763	0.7001	2.0769	1.4652	4.0589	2.2541	Tumor
2.3025	1.9816	1.3599	2.3333	2.6973	2.2512	1.0108	0.9478	1.4262	1.6679	Tumor
3.8738	1.5325	2.6102	3.0773	3.9432	1.7832	1.8263	0.9449	2.9395	1.559	Tumor
3.4194	2.406	1.7271	1.9902	2.4575	2.441	1.8488	0.8609	2.6809	1.8577	Tumor
3.2093	2.9639	3.5688	1.7558	3.4044	0.6417	1.8967	1.4504	3.0796	1.5576	Tumor
2.0549	1.0411	1.573	2.2326	3.0325	0.7412	1.0767	0.8314	1.718	1.8543	Tumor
4.2775	5.1269	3.6104	3.6626	3.5543	3.0788	1.7751	1.971	3.4539	2.6865	Tumor
3.6819	1.6049	1.8384	3.1699	3.8614	3.8576	1.2534	1.0774	3.4577	1.9382	Tumor
3.1575	2.3422	1.9133	2.6192	2.9509	2.3489	2.4811	0.929	2.318	2.0547	Tumor
2.5631	2.9154	1.8104	2.7235	3.3594	3.3025	1.1639	1.6964	1.8764	2.2533	Tumor
2.9717	2.0436	2.4303	1.4846	2.4081	0.8361	1.8991	0.9714	2.1154	2.246	Tumor
4.9696	3.0211	3.448	2.5649	3.9619	1.0988	2.0702	1.248	4.1493	2.603	Tumor
2.8315	2.3889	1.9415	1.7868	3.3971	2.5109	1.7031	0.8325	2.0425	1.906	Tumor
3.2989	3.1498	2.2887	3.6407	3.4038	2.3652	1.8745	1.5928	4.1164	2.8814	Tumor
2.3562	1.9787	1.7026	2.3094	2.8251	1.1004	1.2595	0.9727	1.7616	2.2133	Tumor
3.584	1.7031	3.0321	2.775	2.7491	1.049	2.444	2.4855	2.4458	2.1447	Tumor
1.3731	0.2518	0.6226	1.1567	1.3004	2.1419	0.6377	0.6674	1.1002	1.3798	Tumor
3.1309	2.3045	2.6978	2.2698	2.5401	1.1061	2.1913	1.6324	3.7236	2.2186	Tumor
2.3105	2.1583	2.2143	1.6772	2.7428	1.5705	1.4016	1.292	2.2992	2.4677	Tumor
2.7907	1.7264	2.7071	2.116	2.7135	1.5588	0.87	1.1581	2.0527	2.0136	Tumor
2.4725	1.9802	2.3363	2.9851	3.2649	2.3478	1.4086	1.6568	2.6674	2.2801	Tumor
1.7283	1.9743	1.3018	0.9195	2.0037	1.3597	0.9036	0.4802	2.0216	1.5042	Tumor
3.6015	3.6769	2.3162	3.7457	3.3413	3.8442	1.6142	1.619	4.1182	2.6997	Tumor
2.0417	1.3934	2.2654	2.5214	2.2598	0.6815	2.2294	0.8937	2.1094	2.2781	Tumor
3.2115	3.4672	2.7094	3.0629	3.6408	0.695	2.8282	1.6409	1.918	2.2916	Tumor
4.5977	3.8498	3.2104	5.0332	4.425	3.3946	1.9019	1.9108	3.6484	2.4368	Tumor
3.5829	1.5595	2.3527	2.2968	3.2061	0.9048	1.809	1.2523	2.8905	2.6563	Tumor
3.1337	3.1552	1.8951	1.1794	3.9193	1.6249	0.9665	1.0645	2.8223	1.5945	Tumor
2.7748	1.8575	1.6546	1.7676	2.2339	1.0028	1.7112	0.7941	1.9888	1.779	Tumor
3.2082	1.4372	2.7405	2.2816	3.5454	1.2314	0.8228	1.3581	2.8829	2.6	Tumor
1.0971	1.4272	1.2133	1.1172	2.1043	0.8807	1.3523	0.466	1.5524	1.8212	Tumor
3.4581	3.0151	1.914	2.4768	2.9183	1.3336	1.5452	1.0804	3.4345	2.3067	Tumor
3.0399	2.2936	3.483	1.4528	2.9656	1.0874	1.7056	1.0669	2.5256	1.6838	Tumor
2.6492	1.5123	1.9287	0.8456	2.6234	0.4453	1.4654	0.8066	1.8414	1.9402	Tumor
3.4069	2.6197	1.5656	3.5912	3.3886	1.2516	0.9614	1.1797	2.4992	2.4098	Tumor
2.7556	2.2746	2.0683	2.2588	2.677	1.3541	2.2091	0.9179	1.9171	2.5048	Tumor
3.6608	1.6803	1.6612	3.1837	3.6571	3.0142	1.4698	0.7749	3.4835	1.6958	Tumor
3.8108	2.5875	3.3044	2.6811	2.12	3.8021	2.0062	1.6752	2.0727	2.3874	Tumor
3.1282	3.8914	2.5842	1.0755	3.2436	0.587	1.2083	1.1054	2.8261	2.4409	Tumor
4.4087	4.027	2.3899	3.5599	3.827	3.027	1.4341	1.3073	3.5134	2.2623	Tumor
2.7771	1.7881	1.4526	1.4599	4.075	1.5829	1.1597	1.403	2.3166	2.0664	Tumor
3.7699	1.6828	1.7359	3.1163	3.6988	0.5228	1.5327	1.1823	3.0807	2.3338	Tumor
3.1645	2.5119	1.7234	3.3755	3.2949	0.2105	0.6864	1.2999	3.6176	2.3654	Tumor
4.022	2.3663	2.5768	1.7522	3.4863	1.7692	1.9656	2.3763	3.238	2.3789	Tumor
3.9371	3.2064	2.5416	3.9976	4.1313	1.8686	2.1065	1.0856	3.0519	2.3111	Tumor
3.1033	1.9432	1.7686	3.6006	3.4243	1.276	1.727	1.2377	2.6209	2.313	Tumor
1.9996	0.4439	1.5036	0.7035	3.4159	0.7023	1.3249	1.0584	1.8564	2.2404	Tumor
2.3662	1.7626	2.3228	1.3073	2.4406	0.8684	1.3916	1.3472	2.2156	2.2042	Tumor
2.8724	2.2501	2.4623	2.1101	2.5923	2.2252	2.2068	0.9361	2.5191	1.9617	Tumor
2.2773	1.0019	1.054	1.8257	3.0078	1.8719	1.0056	0.9239	2.0522	2.003	Tumor
2.6163	1.0139	1.9828	1.4611	2.9134	1.0176	2.321	0.8026	1.8863	2.5575	Tumor
3.0455	1.3399	1.4738	3.1673	2.9413	2.0785	2.1394	1.1923	3.3563	2.2549	Tumor
4.58	1.8151	2.2993	0.1659	2.9928	0.2383	2.3199	1.1759	3.6763	2.5086	Tumor
2.6322	3.9721	1.4204	3.4641	3.2091	4.0398	2.2479	1.4026	2.7602	2.6777	Tumor
3.3747	2.8872	2.7703	3.0128	3.1399	2.4331	2.041	1.4149	2.2188	1.6677	Tumor
3.3062	3.2051	2.0159	4.1613	2.4209	1.487	1.6741	0.7955	2.7837	1.646	Tumor
2.5391	1.8394	1.8845	1.9042	3.1141	0.7318	2.0212	1.1118	2.2901	2.1432	Tumor
3.2054	2.8048	2.5605	2.2904	2.8813	1.6954	1.407	1.228	2.5157	2.1918	Tumor
3.1828	2.5564	3.2152	1.1229	2.6996	0.5358	1.3415	0.8126	2.6638	1.9049	Tumor
4.4236	4.3579	2.7657	4.238	3.9807	2.2699	1.6709	1.6752	3.6109	2.9473	Tumor
3.8183	2.3917	2.4276	2.2564	2.74	1.7578	1.3498	1.3351	2.4624	2.4914	Tumor
2.4134	2.0255	2.9112	1.4431	2.906	0.7408	1.2448	0.828	2.5408	1.6457	Tumor
1.4763	1.9585	2.1828	1.456	3.2371	1.2274	0.7688	0.9624	1.7851	2.6342	Tumor
2.636	0.808	1.9006	0.7645	2.7199	0.3804	0.7316	1.1064	2.5064	1.9364	Tumor
3.2814	1.629	2.5256	0.7909	2.9807	0.5554	2.4534	1.0083	3.0267	2.9605	Tumor
2.5993	1.6275	2.6642	2.4116	3.0286	1.2885	2.329	0.8773	2.1216	1.8658	Tumor
3.5516	2.0668	2.3863	1.3909	3.7641	0.7259	1.5766	1.0466	3.1414	2.2785	Tumor
2.7901	1.4828	1.6956	1.3007	2.6999	0.706	1.3988	1.4181	2.2651	1.816	Tumor
2.1451	1.7423	1.4714	1.4254	2.3088	1.0488	1.8606	0.7044	1.6912	1.917	Tumor
3.9121	2.2966	2.1943	4.5952	4.3252	3.6925	1.6367	1.7241	3.4526	2.7414	Tumor
4.205	2.1163	2.8129	2.2016	3.1179	0.8895	2.1794	1.4121	3.1451	2.8014	Tumor
2.4471	1.6833	1.814	1.4251	2.7272	1.5646	1.7436	0.8814	1.9078	1.7681	Tumor
3.1808	1.8804	2.0358	3.088	4.049	0.6893	1.9182	1.2801	2.2471	2.3577	Tumor
0.9915	1.1807	0.7386	1.9223	1.6762	3.1252	0.156	0.7035	1.3246	1.7421	Tumor
3.022	2.3171	1.6475	3.1669	2.7622	1.1369	2.1573	0.7907	3.2659	1.3679	Tumor
2.3613	2.2574	1.8807	1.2514	3.4332	1.0436	1.2544	1.0562	2.2559	2.3064	Tumor
3.698	2.9096	2.6435	3.3535	3.9242	2.0425	1.8402	1.7583	2.5002	2.7541	Tumor
3.1279	2.0934	2.4994	3.5968	2.6986	0.8832	1.12	1.4142	0.6234	2.43	Tumor
2.89	1.1023	0.9003	1.9257	3.919	2.9547	0.9077	0.6936	2.1524	1.4292	Tumor
2.812	1.4397	1.2763	2.816	2.5938	1.3586	1.1923	0.9238	2.0947	1.7331	Tumor
3.2918	2.495	2.1589	2.3715	3.1785	1.6759	1.6221	0.8542	3.0377	1.9214	Tumor
4.3621	3.6102	3.1918	3.4623	4.3299	3.0664	1.7981	1.9109	4.1189	2.9884	Tumor
2.7607	1.7196	3.1635	1.1421	2.3035	0.8604	1.5689	1.0727	1.8759	2.2503	Tumor
1.6109	0.9608	0.9523	1.5061	1.5215	1.6623	1.1532	0.6484	1.3264	1.1065	Tumor
2.0975	1.0034	1.2502	1.2723	2.5702	1.7581	1.5319	0.727	1.8648	1.9428	Tumor
2.9346	2.9564	2.8385	1.6927	2.261	1.536	1.4223	1.2596	2.0524	2.3927	Tumor
3.7115	2.0778	1.3081	3.33	3.4758	1.9468	1.3919	1.2924	2.6961	2.2017	Tumor
3.429	2.3821	2.4943	1.244	3.5729	0.3902	1.731	1.0043	3.1927	2.4461	Tumor
4.1507	2.5785	2.0018	2.8029	3.9919	0.6519	1.7398	1.0276	3.5589	2.3231	Tumor
4.6929	3.3939	2.5734	1.8275	2.8115	0.6239	2.5198	1.2188	3.9129	2.4325	Tumor
3.5539	2.0017	3.2261	2.018	3.0345	0.9807	2.1143	1.4468	3.1212	2.8843	Tumor
1.7899	1.0396	0.6934	1.3749	2.0615	3.1938	0.4336	0.5423	2.2425	1.2811	Tumor
2.1897	2.2556	2.6275	1.134	3.0139	1.0171	1.3463	1.32	2.8231	2.7151	Tumor
3.7413	2.2867	1.6473	2.3524	2.9236	1.7611	0.8482	1.1277	2.7349	2.5501	Tumor
3.543	3.4375	2.8531	2.9822	3.2408	2.2754	1.9309	1.2721	2.7019	2.3588	Tumor
3.3952	3.2389	3.4489	3.6651	3.6646	1.1962	1.262	2.2313	4.0086	3.6237	Tumor
3.6593	2.3823	2.6367	2.0934	3.1889	0.7619	1.7741	1.1845	2.9858	2.2858	Tumor
3.9901	3.6724	2.7588	2.4071	3.8255	1.8944	2.0301	1.2876	3.3208	2.5851	Tumor
2.8289	1.023	1.8265	0.8378	4.1425	1.1889	1.3818	1.0164	2.0514	2.1742	Tumor
2.7933	2.196	2.2695	1.7475	2.7019	0.8034	1.1825	1.119	2.0796	2.0863	Tumor
2.8561	1.9805	2.6267	0.3142	2.7298	0.3992	1.4326	1.1223	2.4942	1.8918	Tumor
2.3929	2.8439	1.1725	2.582	2.8314	3.2251	0.7665	1.0663	2.2806	2.0935	Tumor
2.5796	1.7357	2.6153	0.6199	3.6033	2.0058	2.3522	0.8903	1.8121	2.1038	Tumor
1.8466	2.1371	1.4377	2.4727	2.4137	2.0814	1.1065	0.8018	2.0898	2.1201	Tumor
4.0707	2.9559	1.7287	3.592	4.2993	1.4066	0.9327	0.9207	3.2432	1.7115	Tumor
1.9592	0.7635	3.3567	0.6352	2.3923	0.5072	1.6582	0.9139	1.81	2.7488	Tumor
2.9662	2.3674	2.1279	2.6122	2.5147	1.3243	1.6873	1.072	2.3486	2.2992	Tumor
2.4537	1.0735	1.5661	3.2947	2.5805	0.5179	1.0352	1.1152	1.9931	1.6459	Tumor
2.9443	1.2461	2.6762	2.1312	3.1465	0.555	2.3681	0.9343	2.2081	2.0314	Tumor
4.6519	3.2145	3.7551	4.4231	3.771	2.9532	2.9263	2.1681	3.8964	2.8961	Tumor
5.3719	2.2656	2.7681	2.5533	3.1112	2.5485	1.6411	1.5775	2.7295	2.4213	Tumor
3.5061	2.6189	2.3151	1.6099	3.1187	1.1556	2.6707	1.0683	2.3452	2.7514	Tumor
2.5574	2.5592	1.2726	0.9861	2.1747	0.6409	1.2806	0.781	2.0896	1.8673	Tumor
1.5496	1.5914	1.746	1.0161	1.956	1.0462	1.3248	0.7179	1.7954	2.0255	Tumor
5.3896	4.2367	2.496	2.9475	3.7534	0.6418	3.4719	0.8811	3.9817	2.5139	Tumor
3.198	2.8889	2.5493	2.7829	3.1685	1.9194	1.8361	1.0847	2.9165	2.3174	Tumor
2.4235	1.8108	1.1662	0.3996	1.788	1.0899	1.0667	0.6909	2.4705	1.9331	Tumor
2.7125	3.3503	2.9689	2.3343	3.3008	0.654	0.8878	1.0949	3.0191	2.5361	Tumor
3.4896	2.5716	1.7638	2.863	3.1622	1.0913	1.7174	1.4474	3.0264	1.8119	Tumor
3.6955	2.8007	2.0279	2.0037	2.8571	1.1846	1.941	1.3871	2.7554	2.2726	Tumor
2.5461	1.6347	2.2665	1.703	2.6588	0.8726	2.0344	1.0031	2.029	2.0083	Tumor
3.8473	2.8924	3.2432	1.103	3.0278	0.7287	1.8478	1.524	3.6506	2.2917	Tumor
3.0234	1.5607	1.7956	2.7623	2.7812	1.9509	1.6981	1.1152	2.0747	2.2042	Tumor
2.5247	1.1525	2.0605	2.3502	2.2798	1.3765	1.0553	0.7824	1.3753	1.7245	Tumor
1.9852	0.6702	3.3282	0.4876	2.9628	0.4703	0.9525	0.8016	2.3346	2.1509	Tumor
3.5408	2.6828	3.2724	1.5464	2.9742	0.9736	1.6406	1.4727	3.363	2.7544	Tumor
3.0827	1.6625	3.2586	1.2605	2.3778	0.965	2.1076	1.1201	2.5758	2.1865	Tumor
2.8018	2.3249	1.4454	3.5566	3.6751	1.7122	2.294	0.86	2.4066	1.7378	Tumor
2.758	2.4436	1.4462	3.1361	2.7686	2.3776	1.344	1.1773	1.9911	2.0339	Tumor
3.2375	2.0513	2.4941	0.675	1.9262	0.591	1.8287	1.3699	2.7169	2.4802	Tumor
1.9021	1.2648	1.1791	1.4464	2.581	0.5153	1.386	1.25	2.2342	1.9643	Tumor
3.7824	2.3205	2.3239	2.6667	4.4903	1.1357	1.0222	1.5351	2.9627	2.8204	Tumor
2.7084	2.1202	1.66	2.3373	2.828	0.4292	1.9788	1.2151	2.1691	2.3659	Tumor
3.4408	2.0341	1.7726	0.7602	3.1775	0.7272	0.4965	1.2881	2.5055	2.5175	Tumor
2.6616	1.2414	2.0125	2.0167	2.4168	2.9252	1.339	1.0748	3.1305	1.9238	Tumor
3.4064	1.6138	2.009	2.2656	2.0943	1.1086	2.3792	1.1322	2.0512	2.4387	Tumor
1.7029	1.4439	1.4003	0.2245	3.3666	0.3456	0.736	1.1859	2.6499	2.5616	Tumor
3.2949	1.1651	1.077	2.988	3.0679	3.6102	1.4562	1.5859	3.3384	2.4088	Tumor
2.1507	1.5055	1.3966	2.2785	2.1746	2.128	1.2714	0.8063	1.7887	1.5732	Tumor
3.8146	2.933	2.2474	2.6361	3.7284	1.2129	2.2598	1.3042	3.0958	2.9261	Tumor
2.6024	1.2481	2.3443	2.513	2.8766	0.963	2.0208	0.9803	2.7051	2.1657	Tumor
4.3714	2.6699	2.5835	1.5401	2.7653	0.9028	2.422	1.2409	3.7365	2.6026	Tumor
1.3492	1.5215	1.3231	3.2557	4.1	0.455	0.8981	0.89	2.4479	1.6522	Tumor
2.4548	2.0068	2.0583	2.8098	2.5613	1.2788	1.6242	1.0263	1.8048	1.9674	Tumor
3.9041	2.2568	2.2813	2.8334	2.6126	1.7801	1.0709	1.0995	2.5791	2.3296	Tumor
3.1874	3.2188	2.3496	4.1261	3.3158	1.2141	1.75	1.0394	2.8117	1.7033	Tumor
2.9136	1.9987	2.0012	3.4618	3.1779	3.0091	1.7071	1.6742	1.5359	2.0521	Tumor
2.4412	1.3076	1.7823	1.2324	2.1456	0.6011	1.3056	0.7769	3.2639	1.6832	Tumor
3.5133	1.3369	2.8659	1.5481	2.9008	0.3477	1.7967	1.5194	3.0278	2.383	Tumor
3.2924	5.0782	4.5204	4.6108	3.9422	3.1772	1.9268	1.8372	4.0972	3.145	Tumor
4.9368	4.4396	3.1633	4.1344	3.906	3.8021	2.4461	1.9999	4.4745	2.8926	Tumor
2.167	1.3256	2.4456	1.6643	2.4683	1.9948	1.1435	1.1609	2.8385	2.3905	Tumor
2.5572	2.1887	2.3461	1.2546	2.2643	1.167	1.231	0.7768	1.7441	2.1619	Tumor
1.8712	1.9029	1.5487	2.4056	2.6659	1.5099	1.7849	0.8209	1.9608	2.1409	Tumor
2.3671	1.5498	1.3591	1.1847	2.4443	2.2681	1.0929	0.9977	1.9344	1.7748	Tumor
3.6686	3.0228	2.5552	2.2122	3.8959	0.7963	2.0446	1.2094	3.5362	2.5204	Tumor
2.7041	2.6783	2.2581	0.8076	2.7119	0.643	1.5089	1.3241	3.0884	2.88	Tumor
3.1768	4.4304	3.5718	4.3844	2.9318	4.5445	2.9182	2.0724	2.3091	2.5896	Tumor
3.1273	1.9995	3.1082	1.1076	2.6025	1.679	1.9505	1.0824	2.5051	2.1838	Tumor
1.6098	1.728	1.2034	1.6493	2.6141	1.8444	0.8916	0.6588	2.1111	1.5055	Tumor
3.4463	2.046	2.5977	1.5162	3.1089	1.5216	1.0382	1.1453	2.6562	2.3441	Tumor
3.0412	2.6653	2.0873	2.9819	2.7876	2.2222	1.7272	1.2205	2.085	1.9395	Tumor
2.0459	1.6907	1.7479	0.9541	1.7889	0.4479	1.2331	0.6179	1.8922	1.9417	Normal
2.2483	1.4233	1.4397	0.9217	1.9619	0.3976	1.495	0.5149	1.6318	1.7115	Normal
2.733	2.1989	2.5218	0.7404	2.3207	1.1482	1.8644	0.4908	2.1511	1.8888	Normal
2.2839	1.7649	1.9216	1.2849	1.6849	0.4413	1.4205	0.6288	1.8925	1.8428	Normal
3.2591	2.8865	2.9212	1.5434	2.7553	2.0047	2.1757	0.6732	2.4747	2.0344	Normal
2.776	2.0858	2.1724	1.2661	1.7732	1.0242	1.812	0.9217	1.9825	1.9266	Normal
2.7392	1.9135	2.2084	1.0555	2.4308	0.8814	1.9852	0.6446	1.7971	1.7862	Normal
2.3915	1.8412	2.0973	1.5264	1.7924	0.6075	1.702	0.709	1.7642	1.951	Normal
2.4261	2.0484	1.7657	1.033	1.9471	1.404	1.6077	0.6896	1.8058	1.7398	Normal
2.0533	1.6107	1.577	0.7618	1.6137	0.5623	2.0441	0.5701	1.6188	1.9253	Normal
2.9767	1.7694	1.8232	1.0146	1.7092	0.6195	1.7448	0.6072	1.4388	1.8421	Normal
2.7453	2.5526	1.8732	0.9107	1.7036	0.7822	1.9151	0.7312	1.5205	2.0809	Normal
2.2473	2.0961	1.5157	1.3545	2.1614	1.3947	1.1911	0.6682	1.5954	1.9097	Normal
3.2585	2.0943	2.0193	1.4719	2.0774	1.0503	1.7252	0.7048	2.1513	1.7939	Normal
3.4011	1.7929	1.8497	1.6309	2.1627	0.7638	2.004	0.8903	2.179	1.964	Normal
2.1077	1.5356	1.8528	0.899	1.6517	0.4423	1.6483	0.6064	1.713	1.7454	Normal
2.8128	2.0204	1.8787	1.9641	2.5161	1.7682	1.7792	0.9402	2.2362	2.4251	Normal
1.8459	1.5481	1.5517	0.7592	1.2738	0.4894	1.3325	0.5814	1.3651	1.7372	Normal
2.3377	1.4721	1.2434	0.4702	1.8704	0.298	1.466	0.473	1.5699	1.8381	Normal
2.4463	1.8061	1.1803	1.0781	1.8437	0.5991	1.7186	0.5596	1.3853	1.7145	Normal
2.8825	1.8735	1.9519	1.7153	2.015	0.9888	1.7571	0.7494	1.7619	1.7987	Normal
2.5281	1.7107	1.7189	1.0037	1.7465	0.7128	1.8579	0.6134	1.2968	1.6165	Normal
3.1186	2.2214	1.9003	1.171	1.7035	0.6391	1.6651	0.7222	1.4704	1.9171	Normal
1.8985	1.0256	1.1159	0.8069	1.905	0.7539	1.4522	0.5752	1.5262	1.4481	Normal
2.0175	1.5324	0.9989	0.4574	1.5492	0.2265	1.4422	0.4362	1.1524	1.4815	Normal
2.8873	2.1803	1.9998	1.5197	1.9934	0.7853	1.736	0.769	1.9882	2.1607	Normal
2.4337	1.5535	1.6999	1.1067	2.1923	0.7204	1.7282	0.6021	1.7633	1.9297	Normal
2.8075	2.2213	1.9244	1.7917	2.2141	0.9201	1.7115	0.8822	2.3168	1.9972	Normal
3.0394	2.2163	2.5678	1.1559	3.6071	1.8701	2.1896	0.5029	2.0854	1.9823	Normal
2.2905	1.7746	1.962	1.1085	1.8792	0.5136	1.4868	0.6112	2.0317	1.9908	Normal
2.5699	2.079	2.0544	1.0032	1.8985	0.5362	2.1339	0.7495	1.6443	2.0304	Normal
3.1989	2.7016	1.7827	1.5667	2.7139	2.2509	1.7396	0.7828	2.6618	2.2737	Normal
2.4104	1.8892	1.8369	0.889	1.6082	0.8297	1.5289	0.6298	1.3981	2.0461	Normal
2.8777	2.1951	2.0111	1.2322	2.2271	0.9812	1.735	0.766	1.6653	2.0622	Normal
2.8521	2.466	2.649	1.2901	2.1531	0.8079	1.5423	0.8535	2.0812	2.3637	Normal
2.5783	1.9866	1.5396	1.047	2.2414	1.2347	1.4329	0.6124	2.0618	1.8469	Normal
2.4262	2.0489	2.0083	1.1613	1.5556	0.7701	1.573	0.7259	1.891	1.8713	Normal
2.5726	2.3434	1.8887	1.6207	2.0677	1.0213	1.4	0.9263	2.219	2.027	Normal
2.997	2.0056	2.696	0.9797	2.4795	1.1301	1.9335	0.6486	2.3763	1.8932	Normal
2.5653	2.0498	2.0061	1.0561	1.8493	0.7436	1.4644	0.7065	1.7414	1.8213	Normal
2.6951	2.0293	1.6762	1.178	1.9375	1.0113	1.9158	0.7333	2.2088	1.953	Normal
2.087	1.8524	1.9652	1.4509	2.1027	0.8106	1.3578	0.6688	1.8672	1.9275	Normal
1.7542	1.8482	1.0249	1.2496	1.5847	1.4245	0.9613	0.5281	1.2711	1.6379	Normal
2.6824	1.9032	1.7646	1.4521	1.8219	0.5356	1.8561	0.8626	1.7636	2.0441	Normal
3.139	2.4835	2.1375	1.0111	2.4297	1.3506	1.6738	0.7265	2.1548	2.0252	Normal
2.9086	2.0673	1.7008	0.937	2.3209	0.6097	1.7054	0.6817	1.9456	1.8275	Normal
2.5718	2.3413	2.1927	0.9018	2.2468	1.0625	1.2963	0.6953	2.3096	2.119	Normal
2.2761	1.7174	1.7822	0.7738	1.862	0.6365	1.5783	0.6956	1.4989	1.8318	Normal
2.4655	1.8135	1.6468	0.9517	1.7185	0.4805	1.7853	0.6604	1.5865	1.8951	Normal
3.0976	2.5305	2.5068	1.8604	2.4063	1.7946	1.4943	1.0559	2.5883	2.0829	Normal
